"time","mean","std"
6.4075,2.163,1.316
12.526,1.611,0.797445
24.385,3.261,1.614195
48.3695,2.625,1
96.625,1.945,0.962775
168.198,1.22,0.6039
335.999,0.63,0.31185
