"time","mean","std"
6.663,0.589,0.12958
24.656,0.703,0.15466
96.361,0.686,0.15092
168.333,0.393,0.08646
336.133,0.157,0.03454
